time,iliacus,glut_max,glut_med,add_long,biceps_fem_lh,biceps_fem_sh,semitend,semimem,rectus_fem,vast_lat,vast_med,vast_int,gastroc_med,gastroc_lat,soleus,tib_ant,tib_post,peron_brev
0.0,600.0,300.0,160.0,171.7998442130157,171.19798094107458,90.11860155959423,164.19966294652446,373.9595773914174,153.31155730450487,400.0,360.0,380.0,449.15348632378243,430.39530542464536,800.0,720.0,558.5905090198356,131.61746121009963
0.006711409395973154,599.7777545616258,300.4000417890736,160.21335562083928,131.9802317736535,143.59513321135017,117.20958447407048,285.7904770727621,300.1258314907621,178.554363956012,400.5333890520982,360.48005014688835,380.5067195994933,484.9268192365645,273.49468459854734,801.0667781041964,719.7333054739508,265.1349808046459,98.45288545964509
0.013422818791946308,599.1114133907821,301.59945589659225,160.85304314484918,166.9613920638474,216.69773597733115,234.36663530617673,230.81084174884558,327.5959405280255,195.41323970265114,402.13260786212294,361.91934707591065,382.0259774690168,425.9627016738143,328.08353588629996,804.2652157242459,718.9336960689385,418.91990208853707,142.33487885142978
0.020134228187919462,598.002161217754,303.59610980804285,161.91792523095617,220.85495801356788,309.44076602912037,117.4789620192015,255.62644099394817,234.81172348290033,266.11678022920785,404.7948130773905,364.31533176965144,384.5550724235209,557.7411291832603,272.0891569550739,809.589626154781,717.6025934613048,557.4827632734507,97.6204691234907
0.026845637583892617,596.451970252425,306.3864535456349,163.40610855767196,73.97212558559484,176.99931464069678,175.8468206022668,215.69452075340837,152.59956427592715,246.51786850702058,408.5152713941799,367.66374425476187,388.0895078244709,321.4280174366866,404.42371861427915,817.0305427883598,715.74236430291,537.9034674290583,181.14156267268257
0.03355704697986577,594.4635966777606,309.96552598003086,165.3149471893498,157.27978580565895,234.74237752499414,117.24878031157559,150.18530744826518,285.3121069583602,142.79392753633178,413.2873679733745,371.95863117603704,392.6229995747058,600.0039066585961,241.8954156939849,826.574735946749,713.3563160133127,415.08219995304495,117.14286568286775
0.040268456375838924,592.0405757494148,314.32696365105363,167.64104728056193,70.41533197164505,233.48934076093292,209.3597978882163,195.9191108045459,373.03333179367115,317.18195627491957,419.1026182014048,377.19235638126435,398.1474872913346,391.12740778714783,266.1886064568829,838.2052364028096,710.4486908992976,385.7141228560851,158.74283476137884
0.04697986577181208,589.1872155101745,319.4630120816859,170.3802731102325,211.9927319284554,189.68484702954987,229.93180879229865,325.2795803256265,166.7726047265433,173.67588797754985,425.95068277558124,383.3556144980231,404.6531486368022,187.19538060302492,504.00469840663845,851.9013655511625,707.0246586122094,477.2872869997703,153.23569290094392
0.053691275167785234,585.9085891304178,325.3645395652481,173.52775443479896,168.11968494004108,153.33885093122637,66.23207953587917,200.44069647267472,154.8044379136018,351.90955541936336,433.81938608699744,390.4374474782977,412.12841678264755,566.0944243077033,255.29793899765087,867.6387721739949,703.0903069565013,440.8657605390392,71.22814380802615
0.060402684563758385,582.2105258882008,332.02105340123876,177.07789514732733,136.98569747175011,263.291830828663,190.23081217766742,151.89587101102694,367.7618995611528,361.5814991947482,442.6947378683183,398.4252640814865,420.5600009749024,162.7108085353579,438.3824142667975,885.3894757366367,698.652631065841,247.27708522544475,166.76150752741614
0.06711409395973154,578.0996008050147,339.42071855097373,181.02438322718598,86.73140539197234,189.0907837087317,107.87594417235977,181.90310787285628,251.7814446405627,354.9976228853338,452.560958067965,407.30486226116847,429.93291016456675,623.7008594206346,443.64363202015056,905.12191613593,693.7195209660176,341.2594113812756,113.42073296893219
0.0738255033557047,573.5831229556372,347.5503786798528,185.36020196258818,159.81401991767305,293.5656298970777,201.49568099168286,162.82288121006476,352.5983497871184,294.83949605627373,463.4005049064705,417.0604544158234,440.23047966114694,548.9863272415632,544.9487451251415,926.801009812941,688.2997475467647,328.26335912946905,178.79496209407685
0.08053691275167785,568.6691224728652,356.39557954884265,190.0776424260494,146.5129404523645,161.96979652226355,219.46929474453006,282.5064194189396,315.3067456148733,464.02575721007923,475.19410606512355,427.67469545861115,451.4344007618673,533.2937304913663,255.4725923136409,950.3882121302471,682.4029469674382,481.7421814429719,96.44803971286989
0.087248322147651,563.3663362702299,365.94059471358605,195.16831718057924,214.37570189393705,288.9590985758168,98.86794097425187,334.22816484221073,190.52195775271457,254.63222169946727,487.9207929514481,439.12871365630326,463.5247533038757,231.97840961073388,387.8295865897817,975.8415859028962,676.0396035242759,171.54086781996062,147.39859339304263
0.09395973154362416,557.6841925080853,376.1684534854465,200.62317519223814,94.57344701924396,130.09215057436333,84.72588294934125,117.90638138367845,360.78615661979114,132.62760802644928,501.55793798059534,451.4021441825358,476.48004108156556,620.3080391388444,178.07084058472591,1003.1158759611907,669.2210310097024,378.4855669458345,143.65828280973352
0.10067114093959731,551.6327938306817,387.0609711047728,206.43251792254551,192.80783977135732,138.5756939054103,182.72474891111727,329.30008798673276,311.68318221085894,357.23965049112184,516.0812948063638,464.4731653257274,490.2772300660456,297.56564621284423,144.42257591973564,1032.1625896127275,661.9593525968181,316.5750665653883,126.38956304902719
0.10738255033557047,545.222899404034,398.59878107273875,212.58601657212733,178.82707771629234,201.05298666920666,90.24873497355607,169.14912218546553,327.86173043739234,240.15952917439623,531.4650414303184,478.3185372872865,504.89178935880244,406.6769161825612,385.5221221355987,1062.9300828606367,654.2674792848408,382.91693797332624,177.23946189358875
0.11409395973154363,538.4659057865165,410.7613695842704,219.07273044494423,65.17778045485647,110.26610393618589,117.31579885974074,254.72387646984168,230.68364259108228,197.12119604305406,547.6818261123606,492.91364350112457,520.2977348067426,467.32607596835135,538.3529312191363,1095.3636522247211,646.1590869438197,349.4428967946694,97.91195573774272
0.12080536912751677,531.3738266661979,423.5271120008439,225.88112640045006,138.4828318740941,128.4348771743785,172.6217355174475,206.48142223559458,183.32454259298052,346.70313394957446,564.7028160011251,508.23253440101263,536.4676752010689,416.73894053929564,306.61144496112064,1129.4056320022503,637.6485919994375,543.2721339885729,81.57228906074148
0.12751677852348994,523.9592715009429,436.8733112983027,232.99909935909477,170.10605812746653,226.69248731682808,88.19762354989822,280.1035647919278,151.98345865846605,389.8754901416694,582.4977483977369,524.2479735579633,553.3728609778501,481.1102769796806,364.1831485871212,1164.9954967954739,628.7511258011315,406.4170680887934,182.55913165253534
0.1342281879194631,516.2354230992562,450.776238421339,240.4139938247141,178.768029569337,240.74299762189432,141.3319148717705,96.20878130108476,147.2107415934611,240.75475592654672,601.0349845617852,540.9314861056067,570.983235333696,173.62353866480947,226.01385131704484,1202.0699691235704,619.4825077191074,392.1802522352417,58.84203626238732
0.14093959731543623,508.21601418172924,465.2111744728874,248.11262638553995,95.48401160240104,214.47117093625548,182.84101740619508,357.3446650686599,218.1839210439649,198.65141666542374,620.2815659638499,558.2534093674649,589.2674876656574,486.7454773885468,448.2185403587571,1240.5631319276997,609.8592170180751,393.24742637052674,126.18214332823308
0.1476510067114094,499.91530296476503,480.1524546634229,256.08130915382554,217.2628875408873,190.29083003860003,180.5543149740453,136.85405175165985,149.5380689531436,288.107540993039,640.2032728845638,576.1829455961074,608.1931092403356,178.11405221247983,525.5699279186656,1280.4065457691277,599.8983635577181,312.2083614776475,74.21104925848869
0.15436241610738255,491.34804780998974,495.57351394201856,264.3058741024099,209.77046272209046,286.37589190747184,82.22435828649122,111.19028543327337,242.31677183357897,309.73488720817153,660.7646852560247,594.6882167304223,627.7264509932235,473.4548093756388,475.74799593075636,1321.5293705120494,589.6176573719877,301.8044412224315,158.4392268176255
0.1610738255033557,482.5294809844234,511.4469342280379,272.77169825495355,225.99362445902182,110.4898134120254,72.3405268789061,343.0677318488652,176.5283314062794,217.98807200227012,681.9292456373839,613.7363210736455,647.8327833555147,179.38815881813153,472.28845439073655,1363.8584912747679,579.035377181308,202.0115138937771,173.7711121617563
0.16778523489932887,473.47528157806585,527.7444931594814,281.46372968505676,187.65342811574266,230.10215433443958,162.667988803573,186.71029502784765,248.78910534778876,136.73738032659634,703.6593242126419,633.2933917913776,668.4763580020098,312.63725021058315,326.83108198401146,1407.3186484252838,568.1703378936791,505.61536045291126,56.96596436203097
0.174496644295302,464.2015476270469,544.4372142713157,290.366514278035,193.68308101548314,301.45548881824004,230.2440588756017,339.5978913360815,326.49644394572624,237.02010609461163,725.9162856950876,653.3246571255788,689.6204714103333,281.7601695106298,215.5414779796389,1451.8325713901752,557.0418571524563,454.4917971974362,70.99870664532182
0.18120805369127516,454.7247674919047,561.4954185145717,299.4642232077716,202.48517783751743,350.13723872092737,97.2763886294817,352.7781550541411,411.67182172590077,196.82086074891444,748.660558019429,673.7945022174861,711.2275301184576,281.22412780086285,392.4805238834886,1497.321116038858,545.6697209902857,346.54133563187077,159.09691698917666
0.18791946308724833,445.06179054188345,578.8887770246098,308.7406810797919,148.97950865151532,348.8420642763349,177.2091393055407,327.6617677981047,387.4014226775569,231.03923987228566,771.8517026994798,694.6665324295318,733.2591175645058,329.7508306886567,415.90504476795843,1543.7034053989596,534.0741486502601,373.4743409232294,130.8700844567269
0.19463087248322147,435.2297971973692,596.5863650447354,318.17939469052556,109.16038514770227,300.7043101677861,79.27813919266698,303.9728528466238,365.0006552867437,223.98251202843957,795.4484867263138,715.9036380536825,755.6760623899982,254.8575095854801,188.8086228169264,1590.8969734526277,522.2757566368431,421.27424581371906,173.4645850709897
0.20134228187919462,425.2462683837298,614.5567169092866,327.7635823516195,87.66331065724613,191.6174430148486,139.08660832460026,146.324414214574,178.2720715788146,379.52004412617276,819.4089558790488,737.468060291144,778.4385080850964,374.38799214855914,337.1750446785743,1638.8179117580976,510.2955220604758,453.8361105375937,110.271387602514
0.2080536912751678,415.1289544508664,632.7678819884405,337.4762037271683,170.1364256315829,253.28227868894126,181.37210926311346,204.10800709369977,176.28071700496957,322.3225644685162,843.6905093179208,759.3214583861287,801.5059838520248,461.2728706724546,170.09945768645366,1687.3810186358417,498.1547453410397,393.0820701614326,106.73131528941005
0.21476510067114093,404.8958436137406,651.1874814952668,347.2999901308089,199.12484721997288,269.6005161816623,164.80478757005213,332.6693252858781,384.9753148767141,153.91566189493727,868.2499753270223,781.4249777943201,824.8374765606712,569.9407376403933,261.59973274552084,1736.4999506540446,485.8750123364888,182.61966656821247,193.40010700851963
0.22147651006711408,394.5651299699844,669.7827660540283,357.21747522881515,136.24966632697934,297.6248608096407,206.2621389651521,355.55465445954314,416.9986949749251,224.409983989182,893.0436880720379,803.7393192648341,848.3915036684359,571.9198290076491,334.08149844125506,1786.0873761440757,473.47815596398124,509.3998196190427,120.08592658658698
0.22818791946308725,384.15518115145676,688.5206739273779,367.21102609460155,75.61118389010198,246.89359777101967,83.33426524460715,227.8440965021008,258.7339243771948,471.7529085555237,918.0275652365038,826.2248087128535,872.1261869746787,398.8247484490135,468.9578440964742,1836.0551304730077,460.9862173817481,367.7975082736184,171.31070169710284
0.2348993288590604,373.6845056672671,707.3678897989192,377.2628745594236,102.00562844153673,274.9277623136159,116.79460335417727,283.8467766816018,420.42084274029355,384.27353289823435,943.157186398559,848.8414677587032,895.9993270786312,633.2201192306072,163.40506734245727,1886.314372797118,448.4214068007205,411.3660212614203,63.91914776418335
0.24161073825503354,363.17171999632,726.2909040066241,387.3551488035329,194.99653724438954,340.3994288856551,120.11611170712771,96.85225197771179,358.10458624174817,417.893023552362,968.3878720088322,871.549084807949,919.9684784083906,377.10540494218424,149.9702302627338,1936.7757440176645,435.80606399558405,440.5012947482581,175.88385731030326
0.2483221476510067,352.63551548789496,745.2560721217892,397.46990513162086,236.6507163762273,223.69673402297366,207.91287784851957,186.08776284175417,170.08559318364618,170.3124180537636,993.6747628290522,894.307286546147,943.9910246875996,345.0363864186687,539.8899648100643,1987.3495256581043,423.1626185854739,491.5509271128257,79.67931522671867
0.2550335570469799,342.0946251291103,764.2296747676016,407.58915987605417,200.358032051962,213.48300102818604,207.2713522328691,217.52266882264905,360.48989861435024,355.81621295259373,1018.9728996901355,917.075609721122,968.0242547056287,457.3571455014302,318.31319482128487,2037.945799380271,410.5135501549323,226.0677071046,132.45432799512912
0.26174496644295303,331.56779023835526,783.1779775709606,417.694921371179,215.61672536248767,197.36126965075476,176.1083587591502,181.22432229124368,190.0972555264173,239.05599414178397,1044.2373034279476,939.8135730851527,992.0254382565502,256.4910292357497,420.82592561897206,2088.474606855895,397.8813482860263,219.90129068325433,58.41380587188344
0.2684563758389262,321.0737271439097,802.0672911409624,427.76922194184664,109.95510309943008,241.258476169911,198.4899243753241,304.0667273178581,216.37870998411088,154.77995023999748,1069.4230548546166,962.480749369155,1015.9519021118858,263.8211327509592,441.53594021855554,2138.846109709233,385.2884725726916,269.07776838240517,73.10867265037729
0.2751677852348993,310.6310939069955,820.864030967408,437.7941498492842,136.92923885855444,117.71531872340506,96.99624971846309,233.89520366891222,232.90696220317307,421.10895830026254,1094.4853746232106,985.0368371608895,1039.7611058920502,246.67043973692967,325.4350316455704,2188.9707492464213,372.7573126883946,402.4859311744684,175.64161576433375
0.28187919463087246,300.25845714842524,839.5347771328348,447.7518811375119,208.9960537414175,187.0462493385864,88.1376432609592,160.04382954559352,143.75553078816162,325.7195933101321,1119.3797028437798,1007.4417325594018,1063.4107177015908,357.0510179788596,409.9665926325983,2238.7594056875596,360.31014857811033,281.0562219441651,85.5388777275232
0.2885906040268456,289.97425903782636,858.0463337319127,457.6247113236867,128.16676542804592,348.60126236376857,98.22757685820119,210.4571985493465,246.0250026513679,221.15837067350023,1144.0617783092168,1029.6556004782951,1086.858689393756,194.96937922691086,381.38219530631613,2288.1235566184337,347.96911084539164,184.30854527077074,90.48219249258251
0.2953020134228188,279.7967845041385,876.3657878925507,467.39508687602705,139.74633862156855,122.37169461799374,101.64188978456383,185.4616996705325,382.9569283129583,189.43827982814284,1168.4877171900675,1051.6389454710609,1110.0633313305643,352.36162722411245,362.71778296009444,2336.975434380135,335.7561414049662,467.14212247284644,125.05319653228605
0.30201342281879195,269.744128725676,894.4605682937831,477.045636423351,125.582945665801,101.5125951459286,166.35699485551086,359.14456586802186,129.9493203857726,383.6860010838103,1192.6140910583777,1073.3526819525398,1132.9833865054586,313.22831163577456,288.85898500023217,2385.2281821167553,323.6929544708112,485.3438229643008,79.5022727144903
0.3087248322147651,259.8341649575612,912.29850307639,486.5592016407414,191.63242665088057,341.448849399799,125.8107207307639,225.87193288176485,431.81934275825444,354.88186026576153,1216.3980041018533,1094.758203691668,1155.5781038967607,319.75032767518667,439.5420298695737,2432.7960082037066,311.8009979490734,175.52034732106011,132.31448478706847
0.31543624161073824,250.08451275372946,929.8478770432869,495.9188677564197,219.9629754027175,93.09841339772267,90.3198912400487,287.2351104902752,119.11927702014863,171.29112921608595,1239.7971693910492,1115.8174524519443,1177.8073109214968,599.701647499585,539.7746279224995,2479.5943387820985,300.1014153044753,523.8478242266042,151.79324266016815
0.3221476510067114,240.51250664000514,947.0774880479908,505.10799362559504,95.55481854676871,335.7464218886838,153.80567096586836,351.0312436430904,179.37314252585887,141.63846805637235,1262.7699840639877,1136.4929856575889,1199.6314848607883,402.8823087598299,467.64085051936706,2525.5399681279755,288.6150079680062,220.78874614718734,197.22213314265304
0.32885906040268453,231.13516529394715,963.9567024708953,514.1102413178107,88.36369038335019,237.05570858199687,226.66339570211446,108.92106791870796,272.34590595067255,425.4510370905209,1285.275603294527,1156.7480429650743,1221.0118231298006,272.9898997760516,313.2021768095401,2570.551206589054,277.3621983527366,366.7942027258549,59.645287924788015
0.33557046979865773,221.96916128626125,980.4555096847297,522.9096051651892,80.0403953072628,237.26102201668817,151.46368871254415,206.2602194056202,167.24703358149807,276.591044256307,1307.274012912973,1176.5466116216758,1241.9103122673243,343.9178741981069,373.40327525056733,2614.548025825946,266.36299354351354,162.98649908509842,99.96068177632162
0.3422818791946309,213.03079143757833,996.5445754123591,531.4904402199248,138.0338743868121,302.84112120260534,195.61262453289746,269.3100577870575,236.13538491903967,416.117309974293,1328.7261005498121,1195.8534904948308,1262.2897955223216,557.277839783048,300.5416387155227,2657.4522010996243,255.63694972509398,220.75503567736746,115.315570822531
0.348993288590604,204.3359478433012,1012.195293882058,539.8374900704309,161.01452456149937,334.7361166817886,78.03367316802708,155.84068728474637,385.2167335140731,408.4759775967286,1349.5937251760772,1214.6343526584694,1282.1140389172733,201.38191137132117,185.84470995036054,2699.1874503521544,245.20313741196145,274.5381251229055,67.10301148157902
0.35570469798657717,195.90008961803943,1027.379838687529,547.935913966682,167.11201635150567,129.09541770823415,233.7885715313434,190.08825898673513,276.47124827201037,419.4744070268372,1369.8397849167052,1232.8558064250346,1301.34779567087,222.92787051799743,376.87346895305063,2739.6795698334104,235.08010754164732,474.23574984125605,150.8723782778505
0.3624161073825503,187.7382154098679,1042.0712122622379,555.7713132065269,163.87970820356185,277.45759145497516,144.80480255345327,166.09378980368973,435.248785390653,444.6981513644523,1389.4282830163172,1250.4854547146854,1319.9568688655013,301.9191050960102,244.00881057073474,2778.8565660326344,225.28585849184148,438.58631955155346,186.26522870977
0.36912751677852346,179.86483673327731,1056.243293880101,563.3297567360538,197.15969837803246,304.4077461380889,202.44605884499305,130.2259353544767,242.64813181098435,391.3709462139385,1408.3243918401345,1267.491952656121,1337.9081722481278,414.5057709576287,383.16852254497303,2816.648783680269,215.8378040799328,290.4300242775854,65.51399749349925
0.37583892617449666,172.29395216823136,1069.8708860971835,570.5978059184979,85.57101373538657,358.54058228061007,124.35742768568315,151.25698332443082,187.83521238460992,406.68809833886814,1426.4945147962446,1283.84506331662,1355.1697890564324,515.4731003850533,456.09068497678265,2852.9890295924893,206.75274260187763,298.98810035412475,151.8967710612339
0.3825503355704698,165.03902247120243,1082.9297595518358,577.5625384276458,188.61767848785246,324.3195826404115,166.7996633471601,350.9132848392425,307.2830475710445,405.2639325449149,1443.9063460691143,1299.515711462203,1371.7110287656587,344.5057620579201,502.3676959520073,2887.8126921382286,198.0468269654429,468.400569446547,114.06357741675228
0.38926174496644295,158.11294664243744,1095.3966960436123,584.21157122326,192.36498544794455,116.82947364832829,186.1258219505999,294.7365499855926,254.58814355386832,160.44270952571523,1460.5289280581499,1314.476035252335,1387.5024816552425,189.5139707485285,219.98320485945305,2921.0578561162997,189.73553597092493,289.29669954611455,119.98204564188445
0.3959731543624161,151.52803899200703,1107.2495298143874,590.5330825676733,92.12363919632307,337.3862745895395,213.82892393742705,306.78852265437536,171.08336656154572,181.12721151050397,1476.3327064191833,1328.699435777265,1402.516071098224,635.1421680919416,468.88258220736014,2952.6654128383666,181.83364679040844,173.94009829125343,160.784086712773
0.40268456375838924,145.2960072454103,1118.4671869582617,596.5158330444062,115.46220374679817,249.35150247386846,70.43788840597574,243.32296942747362,313.987284576157,431.4421153010822,1491.2895826110155,1342.1606243499139,1416.7251034804647,253.50992545244583,339.90229844551715,2982.579165222031,174.35520869449238,184.83405841417388,70.04138366671889
0.4093959731543624,139.42793172766704,1129.0297228901993,602.1491855414397,108.17588185595157,339.43351464531844,226.95710272159187,231.14796622672839,143.74547951991963,452.99116548808615,1505.372963853599,1354.835667468239,1430.1043156609192,441.54309177541944,471.7445556560557,3010.745927707198,167.31351807320044,435.3817411904266,81.06555664511755
0.4161073825503356,133.9342456629042,1138.9183578067725,607.423124163612,227.9643315933115,143.63196122421124,218.52525250259205,357.41581846250824,157.43166127197907,266.95023768315104,1518.55781040903,1366.7020293681271,1442.6299198885786,286.73698583230356,216.2002815427093,3037.11562081806,160.72109479548504,194.54036175833184,73.95658501546579
0.4228187919463087,128.82471662446386,1148.115510075965,612.3282720405147,204.35908871451934,356.4863766774762,201.06283131861767,309.23518321348877,392.1943680164714,471.89994234965707,1530.8206801012866,1377.738612091158,1454.2796460962225,247.21245062821438,364.13924370156803,3061.641360202573,154.58965994935662,282.13043617640176,186.0086154217686
0.42953020134228187,124.10842916851419,1156.6048274966745,616.8559079982265,81.58829315767429,238.63497363283818,213.1337389273046,334.74610276729294,334.8940356571317,389.10517057743533,1542.1397699955662,1387.9257929960095,1465.0327814957877,591.2890082776973,178.67982527325742,3084.2795399911324,148.93011500221704,506.02806504313656,183.76769669795485
0.436241610738255,119.79376868204054,1164.371216372327,620.9979820652411,98.09027818270629,183.4387365360827,151.89573399390582,182.76636057264776,366.3772538961502,198.16099374040786,1552.4949551631028,1397.2454596467924,1474.8702074049475,324.36747432209677,271.0197200794561,3104.9899103262055,143.75252241844865,187.3882659303601,51.682735577504104
0.44295302013422816,115.88840647393278,1171.400868346921,624.7471297850245,183.58007281782633,146.25690016805672,192.11191175372628,169.95774721068426,259.1440099471437,241.56166552999022,1561.8678244625612,1405.6810420163051,1483.7744332394332,468.59516133808194,265.37215506661937,3123.7356489251224,139.06608776871934,453.4159367063034,84.1354391949866
0.44966442953020136,112.39928613567845,1177.681284955779,628.0966853097488,135.6244547214461,273.3426833504585,114.95725411608349,285.1441111896872,197.86093125038846,460.0396788963665,1570.2417132743717,1413.2175419469347,1491.729627610653,440.9915391694203,480.2283822239206,3140.4834265487434,134.87914336281415,217.90116353523032,164.517352152257
0.4563758389261745,109.33261119591059,1183.201299847361,631.0406932519259,92.58268554946106,227.7950710436774,220.82833632533178,239.50546299194295,281.51771693390737,297.10819051841344,1577.6017331298146,1419.8415598168333,1498.721646473324,260.07907054816417,213.79368322817638,3155.2034662596293,131.1991334350927,281.6416341468927,108.00419454168464
0.46308724832214765,106.69383409075992,1187.951098636632,633.5739192728704,215.7445457774265,296.07053842327844,92.94869024984436,292.8680223154834,376.9238511154886,461.28765310466713,1583.934798182176,1425.5413183639585,1504.7380582730673,393.1965300774973,181.5105002209432,3167.869596364352,128.0326009089119,488.30870933705864,56.349833895432866
0.4697986577181208,104.48764646962245,1191.9222363546796,635.6918593891625,116.13508973631734,247.20965612612645,70.22218893826201,247.00962411668843,163.6345899563888,474.0676173618501,1589.229648472906,1430.3066836256155,1509.7681660492608,182.53875366068272,441.31650547443445,3178.459296945812,125.38517576354693,263.11391913459363,72.61158223504448
0.47651006711409394,102.7179708535782,1195.1076524635594,637.390747980565,224.66164775208642,220.43740883378376,165.95013171483498,261.221978882849,140.67338250497818,176.94945790651647,1593.4768699514125,1434.1291829562713,1513.803026453842,565.2226243749475,440.60192606020723,3186.953739902825,123.26156502429384,371.08808993292104,120.53380609903385
0.4832214765100671,101.38795366129166,1197.501683409675,638.66756448516,219.3117360258162,114.79215894020138,118.14480676347395,258.22265001721206,166.5208412340588,244.6683969825795,1596.6689112129,1437.00202009161,1516.835465652255,315.984135876624,467.4747613273352,3193.3378224258,121.66554439355,315.7700979391295,98.5080026330957
0.4899328859060403,100.49995961479438,1199.10007269337,639.5200387697975,80.62629140389497,324.47833639008593,206.655269367894,209.21678909767124,429.21968466430934,474.7151672795713,1598.8000969244936,1438.9200872320441,1518.860092078269,487.5641933236917,201.51030516785917,3197.600193848987,120.59995153775326,354.36839612011744,81.89072933871824
0.4966442953020134,100.05556753509548,1199.8999784368282,639.9466551663083,205.61473847649017,163.10851856337106,223.08046715725683,105.45878037889788,239.25291692025618,414.14453319513643,1599.866637915771,1439.8799741241937,1519.8733060199822,400.12572523489445,170.59400338390645,3199.733275831542,120.06668104211458,385.42090471436416,167.02065987033674
0.5033557046979865,100.05556753509548,1199.8999784368282,639.9466551663083,88.6302338166139,257.3687965119844,225.44905995972587,209.25163169464878,175.81227209357624,407.20822202576096,1599.866637915771,1439.8799741241937,1519.8733060199822,583.1544570075534,286.4003380111282,3199.733275831542,120.06668104211458,180.4137350022921,69.7427154938673
0.5100671140939598,100.49995961479435,1199.10007269337,639.5200387697975,166.18179286360726,168.95313717773115,224.29150396807788,281.43308372172004,219.0338247156115,210.94226479151587,1598.8000969244936,1438.9200872320441,1518.860092078269,365.79917849670073,302.52289409200205,3197.600193848987,120.59995153775323,225.08513186257323,146.40260907569132
0.5167785234899329,101.38795366129163,1197.501683409675,638.66756448516,209.16675729675106,233.95168455629815,114.35342592138228,179.9586915834819,375.87945401638535,372.6237223598934,1596.6689112129,1437.00202009161,1516.835465652255,564.5717507785637,393.2403478295614,3193.3378224258,121.66554439354996,166.84822900374633,97.33561139549695
0.5234899328859061,102.71797085357817,1195.1076524635594,637.390747980565,100.39932431234887,348.5947569711596,225.72176106165702,353.21553750200144,238.22778851469855,445.2874704254842,1593.4768699514125,1434.1291829562713,1513.803026453842,556.9697369488529,350.45760226465103,3186.953739902825,123.2615650242938,513.1325065363192,122.03067992672085
0.5302013422818792,104.48764646962242,1191.9222363546796,635.6918593891625,84.12003084065708,197.1156757521656,132.18631943725848,281.82998772620215,365.8234519617777,434.29436355185203,1589.229648472906,1430.3066836256155,1509.7681660492608,289.85446620840634,344.51438865774,3178.459296945812,125.3851757635469,380.53725582201804,145.11250270926544
0.5369127516778524,106.69383409075989,1187.9510986366324,633.5739192728706,104.84725485369964,229.33852040402962,233.97579984829338,272.1724302523301,184.09334538337905,232.83389208649217,1583.9347981821766,1425.541318363959,1504.7380582730677,502.7697443489989,231.65902737206687,3167.869596364353,128.03260090891186,332.4476614631956,164.57276929893845
0.5436241610738255,109.33261119591059,1183.201299847361,631.0406932519259,192.29223378657582,292.02280673531595,204.60121843717636,246.83539880524188,195.68860836557963,155.77287952461106,1577.6017331298146,1419.8415598168333,1498.721646473324,565.1083172742119,204.3554604401105,3155.2034662596293,131.1991334350927,249.20911250088588,191.43258736492797
0.5503355704697986,112.39928613567842,1177.681284955779,628.0966853097488,140.81933113036933,233.9785770167012,200.01439876337037,194.6203678932816,403.39424132912995,427.39195599933225,1570.2417132743717,1413.2175419469347,1491.729627610653,342.94450088941727,498.10267653629813,3140.4834265487434,134.87914336281412,405.13573105529247,99.13009632620755
0.5570469798657718,115.88840647393268,1171.4008683469212,624.7471297850246,141.46961549382328,283.97047769052574,137.01987918626747,136.17433615283096,328.64952701017245,472.87474600873287,1561.8678244625617,1405.6810420163056,1483.7744332394336,612.2188381215194,389.1483522835285,3123.7356489251233,139.0660877687192,536.7631956505842,172.47601286704622
0.5637583892617449,119.79376868204042,1164.371216372327,620.9979820652411,164.30117558867317,114.11215416469967,62.28267711386023,359.9619750590094,217.37920232840568,133.84312593027425,1552.4949551631028,1397.2454596467924,1474.8702074049475,279.7838111498834,211.01830738069518,3104.9899103262055,143.7525224184485,254.70345535129246,116.189284477783
0.5704697986577181,124.10842916851416,1156.6048274966745,616.8559079982265,195.6201131421245,251.4352620443995,172.01291055450832,149.7228400033251,184.44655929250013,241.9731095383751,1542.1397699955662,1387.9257929960095,1465.0327814957877,375.30597331316625,509.9133228777721,3084.2795399911324,148.930115002217,482.8657739952017,192.14554849637798
0.5771812080536912,128.8247166244638,1148.115510075965,612.3282720405147,116.73093499462759,283.03410392080593,130.85066825463107,323.4606301024087,239.69731143096712,409.2492002902326,1530.8206801012866,1377.738612091158,1454.2796460962225,524.9081181359795,163.85062698693207,3061.641360202573,154.58965994935656,232.73682869321684,76.68041374339663
0.5838926174496644,133.93424566290417,1138.9183578067725,607.423124163612,170.51586755885845,256.0221882918327,205.68475082775805,227.60071116025844,368.71740883303,410.0249321092681,1518.55781040903,1366.7020293681271,1442.6299198885786,161.30894906827868,495.2213058008669,3037.11562081806,160.72109479548502,327.41677511098135,177.9472800662366
0.5906040268456376,139.42793172766702,1129.0297228901993,602.1491855414397,204.54299727433278,307.65317256680987,207.5444023101911,201.92282352485896,309.18878419499373,414.43519799070225,1505.372963853599,1354.835667468239,1430.1043156609192,242.86490222094793,142.95459965309269,3010.745927707198,167.3135180732004,363.7950148184268,69.1096748162145
0.5973154362416108,145.29600724541027,1118.4671869582617,596.5158330444062,68.15899322211303,218.0184349895661,135.02351704481438,210.69810529924968,364.70459620726893,363.7983297729141,1491.2895826110155,1342.1606243499139,1416.7251034804647,275.847467501012,189.30210674309419,2982.579165222031,174.3552086944923,162.37951189032938,102.64818531682926
0.6040268456375839,151.52803899200697,1107.2495298143874,590.5330825676733,127.38623773467828,261.995636839772,121.55047585475145,302.3383206115059,235.76163323562218,429.5593801789772,1476.3327064191833,1328.699435777265,1402.516071098224,282.6788368799286,270.0711917509819,2952.6654128383666,181.83364679040838,497.42502891416353,190.29990631058064
0.610738255033557,158.11294664243738,1095.3966960436123,584.21157122326,232.54948273702058,267.61688360328185,220.9692786833471,328.2803386780375,203.96301902736536,205.87132953323362,1460.5289280581499,1314.476035252335,1387.5024816552425,364.4766600181845,436.32363885715114,2921.0578561162997,189.73553597092487,537.8509887984735,132.15699043664077
0.6174496644295302,165.0390224712023,1082.9297595518358,577.5625384276458,216.44555405007833,226.44386336276864,227.06553244249776,184.3356200621233,280.0416009570151,166.0905585501495,1443.9063460691143,1299.515711462203,1371.7110287656587,235.98880102964537,381.78802214496625,2887.8126921382286,198.04682696544273,422.2018041798004,130.55640131130144
0.6241610738255033,172.2939521682313,1069.8708860971835,570.5978059184979,153.9108426185972,331.24211750191205,233.09575252222908,97.43187674724398,197.27997016119676,365.6073952495684,1426.4945147962446,1283.84506331662,1355.1697890564324,463.6586234902235,259.5443052216479,2852.9890295924893,206.75274260187754,319.88578105118177,111.78363807399964
0.6308724832214765,179.8648367332773,1056.243293880101,563.3297567360538,151.92474618423887,335.60966173228564,200.49666610071733,355.09075439433303,250.49636142052978,414.5700724273518,1408.3243918401345,1267.491952656121,1337.9081722481278,282.5265143892616,344.531161582325,2816.648783680269,215.83780407993274,143.5193711357206,59.38602106152758
0.6375838926174496,187.73821540986776,1042.071212262238,555.771313206527,232.243481571211,341.7459664183329,72.91885674233967,298.19918981708196,324.2830049200503,413.84092759775297,1389.4282830163174,1250.4854547146856,1319.9568688655015,201.87810343438497,488.37364286616634,2778.856566032635,225.2858584918413,277.71830391690463,101.49133312701392
0.6442953020134228,195.90008961803937,1027.379838687529,547.935913966682,132.4078886402577,109.74873491633542,187.71252424200654,231.72826400655828,352.19610446286305,446.06182255486146,1369.8397849167052,1232.8558064250346,1301.34779567087,366.28914258548485,502.34772257849727,2739.6795698334104,235.08010754164724,256.9967301571167,174.1847002955131
0.6510067114093959,204.33594784330094,1012.1952938820583,539.837490070431,72.45652225431948,189.33618551939233,101.37755732498583,306.76187125621533,333.90538610008394,259.9645513198344,1349.5937251760777,1214.6343526584699,1282.1140389172738,244.56255755208537,556.6619406651187,2699.1874503521553,245.20313741196114,529.94280716581,180.411536977356
0.6577181208053691,213.03079143757816,996.5445754123591,531.4904402199248,82.7964347779524,314.52766922988906,165.42903463598964,240.1208227548131,405.5067717124271,343.8746953927286,1328.7261005498121,1195.8534904948308,1262.2897955223216,595.2452604371754,217.2636657058444,2657.4522010996243,255.63694972509379,193.46844275879857,87.82381132216507
0.6644295302013423,221.96916128626117,980.4555096847297,522.9096051651892,214.37868254674115,129.3954393489463,157.60945598149812,158.9161489759289,398.46767173698674,128.40573811197567,1307.274012912973,1176.5466116216758,1241.9103122673243,374.8515748221902,537.0642040503973,2614.548025825946,266.3629935435134,421.2311718783591,80.98632426208574
0.6711409395973155,231.13516529394707,963.9567024708953,514.1102413178107,223.0404342433725,200.12552649682894,196.46438263333732,95.98057294783233,131.58732643243715,157.79268475577305,1285.275603294527,1156.7480429650743,1221.0118231298006,605.4605860026086,255.46161817610255,2570.551206589054,277.36219835273647,274.08179846250994,189.7161916400885
0.6778523489932886,240.51250664000514,947.0774880479908,505.10799362559504,60.676064627718695,141.106908639974,80.9483197294705,129.31752429120982,407.9113919337098,213.93527630094218,1262.7699840639877,1136.4929856575889,1199.6314848607883,532.8506521561505,179.9992670105212,2525.5399681279755,288.6150079680062,461.4562518410251,192.3796970203852
0.6845637583892618,250.08451275372934,929.8478770432871,495.9188677564198,62.389742948870136,202.35239959543534,89.81273209635339,246.78751823235837,350.1120541320149,259.10204687814485,1239.7971693910495,1115.8174524519445,1177.807310921497,545.7052013805651,548.7364992803166,2479.594338782099,300.1014153044752,426.02471693848014,51.267281824366336
0.6912751677852349,259.8341649575612,912.29850307639,486.5592016407414,166.9501520034446,354.7193248383722,235.2943081706068,349.2612183249843,250.95120605105913,141.28498133952223,1216.3980041018533,1094.758203691668,1155.5781038967607,356.1478936596471,211.47233455039213,2432.7960082037066,311.8009979490734,189.77670823220436,51.26225137212891
0.697986577181208,269.74412872567575,894.4605682937835,477.0456364233512,224.22560595078306,276.59089939606105,215.28909679742833,168.89742191222086,144.92276021694866,407.5019410172138,1192.614091058378,1073.3526819525403,1132.983386505459,313.2956131105578,548.8605225245846,2385.228182116756,323.69295447081095,243.8444167472762,90.39898027467983
0.7046979865771812,279.7967845041384,876.3657878925509,467.3950868760271,74.0734619582918,217.46919862099722,94.30380040956177,307.4531249239401,222.95592066837293,143.65122359014097,1168.4877171900678,1051.638945471061,1110.0633313305646,361.2255130189452,502.1441357881534,2336.9754343801355,335.75614140496606,411.14785796552854,53.85083405290262
0.7114093959731543,289.97425903782624,858.0463337319127,457.6247113236867,134.25863155830513,326.6891298529607,207.84548335993352,105.28973807116486,264.53988357082795,383.45209234267264,1144.0617783092168,1029.6556004782951,1086.858689393756,533.1014793858214,486.0097762988872,2288.1235566184337,347.9691108453915,160.84797248969875,71.30533220389682
0.7181208053691275,300.2584571484249,839.5347771328352,447.7518811375121,61.319313673082505,317.54235245301624,136.2003958185993,329.87886687643504,117.25646601501566,131.46431757724906,1119.3797028437803,1007.4417325594022,1063.4107177015912,272.30257080739926,163.31626943059138,2238.7594056875605,360.3101485781099,358.40415072077144,73.27957245477624
0.7248322147651006,310.63109390699543,820.8640309674081,437.79414984928434,181.48435405092218,351.46532571646605,222.30420168036952,284.1052574275891,272.3463931000811,259.8013444060286,1094.4853746232109,985.0368371608897,1039.7611058920502,619.3809070284304,499.5844582539027,2188.9707492464217,372.75731268839456,196.033445484265,70.5631589653774
0.7315436241610738,321.0737271439094,802.067291140963,427.7692219418469,232.96099685455096,102.89672909740219,90.60373628022434,215.03225326463001,282.9968562525406,205.2430727076451,1069.4230548546172,962.4807493691555,1015.9519021118864,189.096239488393,431.9701040029965,2138.8461097092345,385.2884725726913,494.350047391764,116.07548124274086
0.7382550335570469,331.56779023835503,783.1779775709608,417.6949213711791,147.0235813513974,276.04503797891806,149.51003851485055,101.25356610970609,244.7205127631647,289.13594097354496,1044.2373034279478,939.8135730851529,992.0254382565504,492.2152319542281,158.22274601788678,2088.4746068558957,397.881348286026,193.7682074559119,123.16552466817636
0.7449664429530202,342.09462512911017,764.2296747676016,407.58915987605417,150.1348857954289,159.7105813692656,208.99163937312954,138.2121659968079,301.531974703636,160.95691021166408,1018.9728996901355,917.075609721122,968.0242547056287,463.1675382589217,340.1572896651637,2037.945799380271,410.5135501549322,333.70831889893225,84.9737056667412
0.7516778523489933,352.63551548789485,745.2560721217892,397.4699051316209,227.06918016948728,175.56190509617787,175.51457128740572,262.04536924999456,295.29178425899545,184.752116577533,993.6747628290523,894.3072865461471,943.9910246875997,254.08276997445105,392.1845088722044,1987.3495256581045,423.1626185854738,169.9198626983629,176.19455842138464
0.7583892617449665,363.1717199963199,726.2909040066241,387.35514880353287,64.19481443275313,334.31354099354587,124.47652066379253,343.92654498275704,343.2806986042715,392.7048642536779,968.3878720088321,871.5490848079489,919.9684784083905,517.0001908996545,229.2907435706448,1936.7757440176642,435.8060639955839,440.51665242553213,167.83248039962263
0.7651006711409396,373.684505667267,707.3678897989195,377.2628745594237,206.49557153137593,339.70182999828035,60.22239950795366,353.78981584025905,124.85652351198307,353.0234496501084,943.1571863985592,848.8414677587034,895.9993270786313,436.272507153589,140.51483718324656,1886.3143727971185,448.4214068007204,443.5883644323977,58.94216073253794
0.7718120805369127,384.15518115145665,688.520673927378,367.2110260946016,163.52323158663856,348.0641919035795,198.48495050535965,279.1155317420357,294.0155954794785,398.41158162990797,918.027565236504,826.2248087128536,872.1261869746788,246.86023603000464,338.48971194100284,1836.055130473008,460.98621738174796,266.94946213398435,192.60499822516945
0.7785234899328859,394.5651299699843,669.7827660540282,357.2174752288151,194.54962526862286,114.10002262919629,73.726642387515,295.8170243158835,419.84605672489084,256.439079270372,893.0436880720378,803.739319264834,848.3915036684358,160.6350787170221,265.35433197502573,1786.0873761440755,473.4781559639811,187.8691938000119,151.57662668161976
0.785234899328859,404.8958436137406,651.1874814952669,347.299990130809,112.00329710420765,249.9134353589953,81.78766152647856,327.91614607135676,213.3167402024418,453.5101117497828,868.2499753270225,781.4249777943203,824.8374765606713,301.45400852890185,383.31963946550877,1736.499950654045,485.8750123364888,543.3307547575511,163.4442762580669
0.7919463087248322,415.1289544508663,632.7678819884406,337.47620372716835,94.30910818021506,135.20494312035947,177.69526817172044,299.87254813951387,376.4664748392786,190.5984846243327,843.6905093179209,759.3214583861288,801.5059838520249,363.0028180350979,477.91454283224664,1687.3810186358419,498.15474534103953,406.1263183467406,138.94586268000768
0.7986577181208053,425.2462683837295,614.5567169092868,327.7635823516197,172.58740394437098,358.02791649929094,168.30381615827207,217.27682392867436,299.4414009975506,378.2087762277506,819.4089558790491,737.4680602911443,778.4385080850967,308.85432054924655,343.3547184578341,1638.8179117580983,510.2955220604754,231.4299031752179,159.90960815061393
0.8053691275167785,435.22979719736907,596.5863650447355,318.1793946905256,88.92977357115743,168.2235736843848,213.71841903544916,335.26910826483027,363.75120402146655,307.89402364381783,795.4484867263141,715.9036380536827,755.6760623899984,533.5181409707566,487.0571521248204,1590.8969734526281,522.275756636843,389.3672328044447,83.01443994276094
0.8120805369127516,445.06179054188334,578.8887770246099,308.74068107979195,175.52207580894213,159.03863351705485,146.74347854460134,100.19553258308876,175.27635760677674,206.36225462497853,771.8517026994799,694.6665324295319,733.2591175645059,558.7324224066803,202.88411259822328,1543.7034053989598,534.07414865026,209.96957735365493,133.91189374796753
0.8187919463087248,454.7247674919044,561.495418514572,299.46422320777174,174.48736921390164,354.1461633751975,78.90887350359436,318.5811563512153,233.79299252989986,237.55563085946264,748.6605580194293,673.7945022174864,711.2275301184578,443.5255673157723,244.24510737971661,1497.3211160388587,545.6697209902852,355.6340803197838,197.30492244477287
0.825503355704698,464.2015476270469,544.4372142713155,290.36651427803497,93.82986171467252,295.23114596073094,207.80546040136863,146.67212770026183,150.56796807946156,285.64298186743673,725.9162856950874,653.3246571255786,689.620471410333,173.44028391894827,389.4518209698651,1451.8325713901747,557.0418571524563,440.8169347704475,177.57996719701848
0.8322147651006712,473.47528157806585,527.7444931594814,281.46372968505676,118.84737241959219,265.0453473892553,177.2482734118726,322.52323700103153,159.8753982614805,204.71764300815437,703.6593242126419,633.2933917913776,668.4763580020098,592.3134606463959,361.52582772659053,1407.3186484252838,568.1703378936791,486.0853991204435,160.48684812580206
0.8389261744966443,482.5294809844234,511.44693422803783,272.7716982549535,226.21554507134556,194.64513252006344,129.0201155593549,333.48851624338965,210.1274251751086,282.30752447338097,681.9292456373838,613.7363210736454,647.8327833555146,389.83693015235656,226.17054894016155,1363.8584912747676,579.035377181308,398.32058965498646,166.68511916955396
0.8456375838926175,491.3480478099896,495.5735139420187,264.30587410241,124.7027838720407,103.03806313859262,216.801008701376,329.81671178527455,279.9802527812823,285.49914915180454,660.7646852560249,594.6882167304225,627.7264509932237,343.95061821273066,254.057025448785,1321.5293705120498,589.6176573719875,424.3363583640199,103.38809002097
0.8523489932885906,499.91530296476503,480.15245466342293,256.08130915382554,234.59062898621593,293.46164150617534,203.52031340318004,330.92847072557146,385.79651643091546,148.37445916259227,640.203272884564,576.1829455961075,608.1931092403357,449.39214946239883,428.93280507096716,1280.406545769128,599.8983635577181,322.7705506030993,87.564126952623
0.8590604026845637,508.2160141817291,465.2111744728874,248.11262638553995,153.61502702740944,332.47784603534376,139.82527536491295,318.1688580402225,327.2851417364446,297.8036606173396,620.2815659638499,558.2534093674649,589.2674876656574,240.51581209450657,297.4051443024448,1240.5631319276997,609.8592170180749,304.0032440342042,138.61117919117677
0.8657718120805369,516.2354230992561,450.77623842133914,240.4139938247142,138.44701870012096,99.32066541714265,156.2313397594848,329.28238060977714,312.98933510936905,385.9682203715942,601.0349845617854,540.931486105607,570.9832353336963,601.6401910599848,386.8430790895683,1202.069969123571,619.4825077191073,292.88073310466945,122.09705451723077
0.87248322147651,523.9592715009429,436.8733112983027,232.99909935909477,166.67576077918164,131.10326878198478,158.37851962267243,281.4380962841308,295.52292266606713,439.5999226853583,582.4977483977369,524.2479735579633,553.3728609778501,516.2046383768424,277.7990727654587,1164.9954967954739,628.7511258011315,352.51265297188877,168.7119695513987
0.8791946308724832,531.3738266661977,423.5271120008441,225.8811264004502,212.8404699102452,122.34016101694934,70.57490904329975,320.2844747272764,377.0907744069933,386.69563364089703,564.7028160011255,508.2325344010129,536.4676752010693,352.8452419489244,546.2405747275371,1129.405632002251,637.6485919994373,166.45886368877908,159.7639740100201
0.8859060402684563,538.4659057865164,410.7613695842706,219.07273044494434,223.67999593003046,112.6887944074284,222.42424517489803,128.4510632892384,405.7621970834559,384.3208534584857,547.6818261123608,492.91364350112474,520.2977348067428,341.71141165507794,461.62906485698073,1095.3636522247216,646.1590869438196,407.1159202951383,160.98456544384211
0.8926174496644295,545.222899404034,398.59878107273886,212.5860165721274,122.01187555363066,97.74583503943362,218.5299711641732,111.7132239039731,416.16265747723185,333.1063191357629,531.4650414303185,478.31853728728663,504.89178935880255,260.0498750981094,469.9340190488919,1062.930082860637,654.2674792848408,159.0862133191206,119.34484165673949
0.8993288590604027,551.6327938306817,387.0609711047728,206.43251792254551,66.29465013625918,132.91608118830695,174.33397680061992,163.75979266670365,128.65910546106352,292.15966157268485,516.0812948063638,464.4731653257274,490.2772300660456,576.6156329488429,491.8615446495783,1032.1625896127275,661.9593525968181,388.0032760802303,100.74690835156699
0.9060402684563759,557.6841925080853,376.16845348544643,200.62317519223808,130.31582192759817,336.182561032473,117.68484909345885,350.8745135940289,364.2941549438344,169.0624694874117,501.5579379805952,451.4021441825357,476.48004108156545,512.9303827195141,336.66539931222536,1003.1158759611905,669.2210310097024,391.7567034949839,117.06308870216562
0.912751677852349,563.3663362702299,365.94059471358617,195.1683171805793,152.41927008426188,295.41147236465747,84.24383672854182,260.12250363903104,246.00672764223378,274.4447595724613,487.9207929514482,439.12871365630343,463.52475330387585,382.4263479656123,275.43924371409963,975.8415859028964,676.0396035242759,157.02968079147476,165.51051440394647
0.9194630872483222,568.6691224728652,356.3955795488427,190.07764242604944,113.8750395927302,123.6139669439603,173.42575345366066,354.16950951640666,189.15078936482328,367.66880822096954,475.1941060651236,427.6746954586112,451.4344007618674,303.64452015017747,407.5079823208467,950.3882121302472,682.4029469674382,152.77579786522023,110.02358830099561
0.9261744966442953,573.5831229556372,347.55037867985277,185.36020196258815,198.0568762199513,98.43250075552677,173.58509041258284,193.0829059042311,298.9897777293263,428.42031734535544,463.4005049064704,417.06045441582336,440.2304796611469,239.0256614216328,307.3049879170195,926.8010098129408,688.2997475467647,385.3667279701803,193.19096104405475
0.9328859060402684,578.0996008050146,339.4207185509738,181.024383227186,142.46630489249935,171.0097465178655,137.95459255860428,345.24002225728685,358.1614732778313,354.7501111711298,452.56095806796503,407.3048622611685,429.9329101645668,272.6410386877662,155.59736970668544,905.1219161359301,693.7195209660174,193.51605417500593,112.97885157050477
0.9395973154362416,582.2105258882007,332.02105340123876,177.07789514732733,171.04983785266404,128.81269371322998,205.65600899076878,250.08085876091872,316.1791497730834,400.64859716193587,442.6947378683183,398.4252640814865,420.5600009749024,458.559096515939,224.7240416659775,885.3894757366367,698.6526310658408,406.42383456126504,190.2594091320694
0.9463087248322147,585.9085891304177,325.3645395652482,173.52775443479905,176.92117734508818,144.65130511239542,182.1463505354373,239.74193316796584,351.19498782337894,336.2620323954716,433.8193860869976,390.4374474782978,412.1284167826477,384.29141673919605,510.2204511424699,867.6387721739952,703.0903069565012,171.89106370362362,181.87776097287312
0.9530201342281879,589.1872155101745,319.463012081686,170.3802731102325,127.23686335747769,127.88414901356376,90.3625013335084,286.5128916875587,158.73604241717996,356.79783302298176,425.9506827755813,383.35561449802316,404.6531486368022,444.7044710673211,481.81576046271675,851.9013655511626,707.0246586122094,161.90616957976872,81.20414973185795
0.959731543624161,592.0405757494148,314.32696365105363,167.64104728056193,171.91849175697857,288.8552454852362,214.3484007944881,90.20165240764628,281.0104290183907,173.4205419857084,419.1026182014048,377.19235638126435,398.1474872913346,373.74362535373433,277.29332567157184,838.2052364028096,710.4486908992976,368.7066801766661,139.83109072541626
0.9664429530201342,594.4635966777606,309.9655259800309,165.31494718934982,84.72256944401121,314.011195684843,134.55211675636914,194.08875057957192,338.69293847079183,328.69284958470985,413.28736797337456,371.9586311760371,392.62299957470583,383.2784206569181,283.96264327787856,826.5747359467491,713.3563160133127,367.13527417299025,105.08312812813763
0.9731543624161073,596.451970252425,306.3864535456349,163.40610855767196,140.6374189093517,300.27800795394927,79.95412912254169,130.413533389881,182.66614323017882,313.96884902805544,408.5152713941799,367.66374425476187,388.0895078244709,494.78540421445575,527.3460218527474,817.0305427883598,715.74236430291,254.96900789296168,192.810322679506
0.9798657718120806,598.002161217754,303.59610980804285,161.91792523095617,175.9673622518209,135.33830864951724,227.86719754118693,277.74331426752553,263.30855997713405,237.96659519437142,404.7948130773905,364.31533176965144,384.5550724235209,393.96112984841267,310.6873760495553,809.589626154781,717.6025934613048,439.61045653323777,84.67735901142665
0.9865771812080537,599.1114133907821,301.59945589659225,160.85304314484918,103.74532192119591,352.00533565862247,130.11915465175994,205.314547941005,196.50360844814122,162.55341026262076,402.13260786212294,361.91934707591065,382.0259774690168,201.57619028267186,316.803203076248,804.2652157242459,718.9336960689385,293.6853361538689,175.56646469505262
0.9932885906040269,599.7777545616258,300.4000417890736,160.21335562083928,109.20551682340694,333.18600465279735,148.02927937032726,349.30400404473426,187.63404830493866,207.4198024163855,400.5333890520982,360.48005014688835,380.5067195994933,374.3621572051957,270.8777265488073,801.0667781041964,719.7333054739508,304.8451378326042,126.7299343188602
1.0,600.0,300.0,160.0,115.82385554895828,323.96045707190785,60.16543377242548,211.38074243177613,185.97983345583972,268.15677683586443,400.0,360.0,380.0,381.4831243047095,443.8618822697445,800.0,720.0,175.01043360779013,109.18740326542813
